user_id,last_login_date,marketing_opt_in,num_trades_last_30d,num_trades_last_90d,num_inquiries_last_30d,days_since_last_login,churn
user_0000,2024-06-01,True,1.0,6.0,0,0,0
user_0001,2022-12-03,True,0.0,0.0,1,546,1
user_0002,2023-04-18,True,0.0,2.0,0,410,1
user_0003,2024-06-01,True,0.0,0.0,0,0,1
user_0004,2024-02-12,False,0.0,1.0,0,110,1
user_0005,2023-09-11,False,0.0,1.0,0,264,1
user_0006,2024-06-01,True,0.0,1.0,1,0,1
user_0007,2023-11-03,True,0.0,0.0,0,211,1
user_0008,2023-08-16,False,0.0,0.0,0,290,1
user_0009,2024-05-12,True,0.0,1.0,1,20,1
user_0010,2023-12-24,True,0.0,1.0,0,160,1
user_0011,2024-04-22,True,0.0,0.0,0,40,0
user_0012,2024-04-04,False,0.0,1.0,0,58,1
user_0013,2022-10-15,False,0.0,1.0,0,595,1
user_0014,2024-06-01,True,4.0,7.0,0,0,0
user_0015,2024-05-29,True,0.0,1.0,0,3,1
user_0016,2023-07-19,False,2.0,4.0,0,318,1
user_0017,2023-05-04,False,0.0,0.0,0,394,1
user_0018,2024-06-01,True,0.0,2.0,0,0,0
user_0019,2023-09-11,False,1.0,1.0,0,264,0
user_0020,2023-08-22,True,0.0,1.0,0,284,1
user_0021,2024-06-01,True,0.0,0.0,0,0,0
user_0022,2024-06-01,False,1.0,1.0,0,0,0
user_0023,2022-11-02,True,0.0,2.0,0,577,1
user_0024,2023-01-20,False,1.0,1.0,0,498,1
user_0025,2024-06-01,True,1.0,1.0,0,0,0
user_0026,2023-06-15,True,0.0,1.0,0,352,1
user_0027,2024-06-01,False,0.0,2.0,0,0,0
user_0028,2023-04-27,True,1.0,2.0,0,401,1
user_0029,2024-06-01,False,1.0,3.0,0,0,0
user_0030,2023-10-19,True,0.0,1.0,2,226,1
user_0031,2022-11-07,True,0.0,1.0,0,572,0
user_0032,2023-09-19,True,0.0,0.0,0,256,1
user_0033,2024-05-27,False,0.0,0.0,0,5,1
user_0034,2024-04-12,True,0.0,0.0,0,50,0
user_0035,2024-06-01,False,0.0,0.0,0,0,1
user_0036,2023-12-30,True,0.0,2.0,0,154,1
user_0037,2023-08-29,False,0.0,2.0,0,277,1
user_0038,2024-06-01,True,0.0,1.0,1,0,0
user_0039,2024-06-01,False,0.0,1.0,0,0,1
user_0040,2024-06-01,False,1.0,2.0,0,0,0
user_0041,2023-08-29,False,0.0,2.0,0,277,1
user_0042,2024-06-01,False,2.0,5.0,0,0,1
user_0043,2024-06-01,False,0.0,0.0,0,0,1
user_0044,2024-06-01,False,2.0,4.0,1,0,0
user_0045,2024-05-05,True,0.0,0.0,2,27,0
user_0046,2023-08-05,True,1.0,2.0,1,301,0
user_0047,2024-06-01,False,1.0,2.0,0,0,0
user_0048,2023-08-02,False,1.0,2.0,0,304,1
user_0049,2023-07-07,False,2.0,5.0,0,330,1
user_0050,2024-06-01,True,0.0,0.0,0,0,1
user_0051,2024-06-01,True,0.0,1.0,0,0,0
user_0052,2023-12-05,True,1.0,1.0,1,179,0
user_0053,2024-01-17,False,0.0,1.0,0,136,1
user_0054,2022-07-23,True,1.0,3.0,0,679,1
user_0055,2023-03-03,True,0.0,0.0,0,456,1
user_0056,2024-06-01,True,1.0,2.0,0,0,0
user_0057,2022-12-15,True,0.0,0.0,0,534,1
user_0058,2024-06-01,True,0.0,0.0,1,0,0
user_0059,2022-07-24,True,0.0,1.0,0,678,1
user_0060,2023-02-18,False,0.0,2.0,0,469,1
user_0061,2024-06-01,True,1.0,2.0,0,0,0
user_0062,2023-12-25,True,0.0,1.0,0,159,1
user_0063,2024-02-13,True,1.0,2.0,0,109,0
user_0064,2024-06-01,True,1.0,3.0,0,0,0
user_0065,2022-03-25,True,0.0,1.0,0,799,1
user_0066,2024-06-01,True,1.0,2.0,0,0,0
user_0067,2023-12-23,False,1.0,1.0,0,161,1
user_0068,2023-10-01,True,1.0,3.0,1,244,1
user_0069,2024-02-21,False,0.0,0.0,0,101,1
user_0070,2023-03-24,False,0.0,2.0,0,435,1
user_0071,2024-06-01,False,1.0,2.0,0,0,0
user_0072,2023-05-25,True,2.0,5.0,0,373,0
user_0073,2022-12-29,True,0.0,0.0,0,520,0
user_0074,2024-06-01,True,1.0,1.0,0,0,0
user_0075,2023-09-29,True,0.0,1.0,1,246,1
user_0076,2023-11-26,False,1.0,1.0,0,188,1
user_0077,2024-06-01,True,0.0,0.0,0,0,0
user_0078,2023-09-27,True,1.0,1.0,0,248,1
user_0079,2024-06-01,False,0.0,0.0,0,0,0
user_0080,2022-11-15,False,0.0,0.0,0,564,1
user_0081,2023-11-16,True,0.0,4.0,0,198,1
user_0082,2023-03-09,True,0.0,1.0,0,450,1
user_0083,2024-03-21,True,0.0,1.0,0,72,1
user_0084,2024-05-04,True,0.0,0.0,0,28,0
user_0085,2024-02-29,True,0.0,1.0,0,93,0
user_0086,2022-09-10,True,0.0,0.0,0,630,1
user_0087,2023-07-06,True,0.0,1.0,0,331,1
user_0088,2023-07-05,True,1.0,1.0,0,332,1
user_0089,2024-06-01,True,0.0,0.0,0,0,0
user_0090,2024-06-01,True,1.0,5.0,1,0,0
user_0091,2023-04-08,True,0.0,0.0,0,420,1
user_0092,2024-06-01,False,0.0,2.0,0,0,0
user_0093,2022-03-18,False,0.0,1.0,0,806,1
user_0094,2023-05-07,True,1.0,1.0,0,391,1
user_0095,2023-07-22,True,0.0,0.0,0,315,1
user_0096,2023-03-19,True,0.0,0.0,0,440,1
user_0097,2024-06-01,False,2.0,2.0,1,0,0
user_0098,2024-06-01,False,2.0,2.0,0,0,0
user_0099,2023-01-30,True,1.0,2.0,1,488,0
user_0100,2023-11-29,False,1.0,2.0,0,185,1
user_0101,2024-06-01,True,0.0,1.0,1,0,0
user_0102,2023-03-29,True,1.0,2.0,0,430,1
user_0103,2023-10-25,False,1.0,2.0,1,220,0
user_0104,2023-10-11,False,0.0,0.0,0,234,1
user_0105,2023-12-26,False,0.0,0.0,0,158,1
user_0106,2023-02-19,False,0.0,0.0,0,468,1
user_0107,2023-07-13,True,1.0,1.0,0,324,1
user_0108,2023-10-05,False,0.0,0.0,1,240,1
user_0109,2024-06-01,True,0.0,1.0,0,0,0
user_0110,2023-06-15,False,0.0,2.0,0,352,1
user_0111,2023-12-20,True,0.0,0.0,0,164,1
user_0112,2022-11-19,False,0.0,0.0,0,560,1
user_0113,2023-05-10,True,1.0,2.0,0,388,0
user_0114,2024-01-07,False,0.0,0.0,1,146,1
user_0115,2024-05-10,True,0.0,1.0,0,22,0
user_0116,2022-12-15,False,0.0,0.0,0,534,1
user_0117,2023-07-30,True,4.0,5.0,0,307,1
user_0118,2024-06-01,True,0.0,2.0,2,0,0
user_0119,2024-03-01,True,0.0,0.0,0,92,0
user_0120,2024-02-22,True,0.0,0.0,0,100,1
user_0121,2024-06-01,False,0.0,0.0,0,0,1
user_0122,2024-06-01,True,0.0,1.0,0,0,0
user_0123,2024-06-01,False,0.0,0.0,0,0,1
user_0124,2023-09-06,True,0.0,2.0,0,269,0
user_0125,2022-12-13,True,0.0,0.0,0,536,1
user_0126,2023-03-14,False,0.0,0.0,0,445,1
user_0127,2024-06-01,False,2.0,4.0,1,0,0
user_0128,2022-03-07,True,0.0,0.0,0,817,1
user_0129,2023-04-26,True,0.0,1.0,0,402,1
user_0130,2024-04-14,False,1.0,1.0,1,48,0
user_0131,2024-06-01,True,0.0,1.0,0,0,0
user_0132,2024-06-01,False,0.0,0.0,0,0,1
user_0133,2024-05-01,False,0.0,1.0,0,31,0
user_0134,2022-12-23,False,0.0,0.0,0,526,1
user_0135,2024-01-08,True,0.0,1.0,0,145,1
user_0136,2023-07-07,False,0.0,1.0,0,330,1
user_0137,2022-11-03,True,0.0,1.0,0,576,1
user_0138,2024-06-01,True,1.0,3.0,0,0,0
user_0139,2023-05-31,True,0.0,0.0,0,367,1
user_0140,2023-12-16,True,0.0,0.0,1,168,1
user_0141,2024-06-01,False,0.0,1.0,0,0,0
user_0142,2024-02-26,False,0.0,2.0,0,96,1
user_0143,2024-06-01,False,1.0,1.0,0,0,1
user_0144,2024-06-01,True,0.0,1.0,0,0,0
user_0145,2024-06-01,True,1.0,2.0,0,0,0
user_0146,2024-06-01,True,0.0,1.0,0,0,0
user_0147,2024-06-01,False,0.0,1.0,0,0,0
user_0148,2024-01-26,True,0.0,0.0,0,127,1
user_0149,2023-04-22,False,1.0,3.0,0,406,1
user_0150,2023-08-17,True,0.0,1.0,0,289,0
user_0151,2023-08-01,True,0.0,2.0,0,305,1
user_0152,2023-01-11,False,0.0,0.0,1,507,1
user_0153,2023-12-02,True,1.0,1.0,0,182,0
user_0154,2022-05-11,False,0.0,0.0,0,752,1
user_0155,2023-05-25,False,0.0,1.0,1,373,1
user_0156,2024-06-01,True,2.0,2.0,0,0,0
user_0157,2022-08-09,True,1.0,1.0,0,662,1
user_0158,2024-06-01,True,0.0,0.0,0,0,0
user_0159,2024-06-01,False,0.0,2.0,0,0,0
user_0160,2024-02-29,True,1.0,1.0,0,93,1
user_0161,2024-06-01,False,0.0,0.0,0,0,0
user_0162,2023-09-27,False,0.0,0.0,0,248,1
user_0163,2024-06-01,False,1.0,2.0,1,0,0
user_0164,2023-07-23,True,0.0,1.0,0,314,1
user_0165,2022-12-12,False,0.0,0.0,0,537,1
user_0166,2024-06-01,False,0.0,2.0,0,0,0
user_0167,2024-06-01,True,2.0,4.0,0,0,0
user_0168,2023-10-01,True,0.0,2.0,1,244,1
user_0169,2023-07-28,False,1.0,1.0,0,309,1
user_0170,2022-10-30,True,0.0,0.0,0,580,1
user_0171,2024-04-01,False,0.0,1.0,0,61,1
user_0172,2024-06-01,True,2.0,3.0,0,0,0
user_0173,2024-06-01,True,0.0,0.0,1,0,0
user_0174,2023-12-24,False,0.0,0.0,0,160,1
user_0175,2024-06-01,True,0.0,1.0,0,0,0
user_0176,2024-06-01,True,0.0,0.0,0,0,1
user_0177,2023-06-26,True,0.0,1.0,0,341,1
user_0178,2023-07-27,True,0.0,0.0,0,310,1
user_0179,2023-05-23,True,2.0,3.0,0,375,0
user_0180,2022-04-29,True,0.0,3.0,0,764,1
user_0181,2023-10-18,False,0.0,4.0,0,227,1
user_0182,2024-06-01,True,0.0,1.0,0,0,0
user_0183,2024-06-01,False,0.0,0.0,0,0,0
user_0184,2023-08-23,True,2.0,4.0,0,283,1
user_0185,2023-10-23,False,0.0,1.0,0,222,1
user_0186,2024-01-11,True,0.0,0.0,0,142,1
user_0187,2023-12-12,False,0.0,1.0,0,172,1
user_0188,2024-05-16,True,0.0,2.0,1,16,0
user_0189,2024-06-01,True,1.0,2.0,0,0,0
user_0190,2023-07-08,True,0.0,3.0,0,329,1
user_0191,2024-06-01,True,2.0,3.0,0,0,0
user_0192,2024-03-12,True,0.0,0.0,0,81,1
user_0193,2024-06-01,True,1.0,2.0,0,0,0
user_0194,2024-06-01,False,0.0,0.0,1,0,0
user_0195,2024-04-11,True,0.0,1.0,1,51,0
user_0196,2023-05-16,True,0.0,1.0,0,382,1
user_0197,2024-04-20,False,0.0,1.0,0,42,1
user_0198,2024-06-01,False,0.0,0.0,0,0,1
user_0199,2022-11-23,True,0.0,0.0,0,556,1
user_0200,2023-08-18,True,0.0,0.0,0,288,1
user_0201,2024-06-01,True,1.0,3.0,0,0,0
user_0202,2023-02-06,False,1.0,2.0,0,481,1
user_0203,2024-04-14,False,0.0,0.0,0,48,1
user_0204,2023-09-21,True,1.0,2.0,0,254,0
user_0205,2023-06-08,False,1.0,1.0,0,359,1
user_0206,2024-03-27,False,0.0,0.0,3,66,1
user_0207,2022-06-26,True,0.0,0.0,0,706,0
user_0208,2022-04-23,False,0.0,0.0,1,770,1
user_0209,2024-01-31,True,0.0,1.0,2,122,1
user_0210,2022-10-09,True,1.0,1.0,0,601,1
user_0211,2023-08-11,True,2.0,3.0,0,295,1
user_0212,2023-10-07,True,0.0,0.0,1,238,1
user_0213,2023-11-17,True,0.0,1.0,0,197,1
user_0214,2023-04-20,False,0.0,1.0,0,408,1
user_0215,2023-05-14,True,0.0,2.0,1,384,1
user_0216,2024-06-01,True,0.0,1.0,0,0,0
user_0217,2024-06-01,True,0.0,0.0,0,0,0
user_0218,2024-06-01,False,1.0,2.0,0,0,0
user_0219,2023-12-11,True,0.0,2.0,1,173,1
user_0220,2023-09-17,True,1.0,2.0,0,258,1
user_0221,2023-11-25,True,0.0,2.0,1,189,1
user_0222,2024-03-27,True,0.0,3.0,0,66,1
user_0223,2024-02-01,False,0.0,2.0,0,121,1
user_0224,2024-05-21,False,2.0,2.0,0,11,1
user_0225,2023-04-03,True,1.0,4.0,0,425,1
user_0226,2024-06-01,False,0.0,0.0,0,0,1
user_0227,2023-03-24,False,2.0,2.0,0,435,1
user_0228,2023-12-19,False,0.0,0.0,1,165,1
user_0229,2023-01-19,True,0.0,0.0,0,499,1
user_0230,2024-05-17,True,0.0,0.0,0,15,1
user_0231,2022-06-14,True,2.0,5.0,0,718,0
user_0232,2024-06-01,False,1.0,5.0,0,0,0
user_0233,2024-06-01,True,0.0,1.0,0,0,1
user_0234,2023-03-26,True,1.0,1.0,0,433,1
user_0235,2023-06-20,True,0.0,0.0,1,347,1
user_0236,2023-03-06,False,0.0,1.0,0,453,1
user_0237,2023-05-25,True,1.0,1.0,0,373,1
user_0238,2023-06-11,False,0.0,1.0,0,356,1
user_0239,2023-02-05,False,0.0,0.0,0,482,1
user_0240,2023-05-03,True,0.0,0.0,0,395,1
user_0241,2024-02-02,False,0.0,0.0,0,120,1
user_0242,2024-06-01,True,0.0,0.0,0,0,1
user_0243,2024-06-01,False,0.0,2.0,0,0,0
user_0244,2024-04-28,True,0.0,2.0,0,34,0
user_0245,2024-06-01,False,0.0,0.0,0,0,0
user_0246,2024-03-07,False,0.0,1.0,1,86,1
user_0247,2023-11-30,False,0.0,1.0,0,184,1
user_0248,2023-12-29,False,0.0,0.0,0,155,1
user_0249,2023-11-12,True,0.0,0.0,0,202,1
user_0250,2024-05-23,False,0.0,2.0,0,9,1
user_0251,2023-03-22,False,0.0,0.0,0,437,1
user_0252,2023-03-14,True,0.0,0.0,0,445,1
user_0253,2022-08-19,True,1.0,3.0,0,652,1
user_0254,2024-06-01,False,1.0,3.0,0,0,0
user_0255,2023-10-25,False,0.0,1.0,0,220,1
user_0256,2024-06-01,False,0.0,0.0,0,0,1
user_0257,2022-02-02,True,0.0,2.0,0,850,1
user_0258,2022-05-16,False,2.0,3.0,1,747,1
user_0259,2024-06-01,True,3.0,4.0,0,0,0
user_0260,2024-06-01,False,0.0,3.0,0,0,1
user_0261,2024-06-01,True,0.0,0.0,0,0,0
user_0262,2024-06-01,False,0.0,1.0,0,0,0
user_0263,2023-08-12,False,1.0,2.0,0,294,1
user_0264,2024-01-02,True,1.0,2.0,0,151,1
user_0265,2024-06-01,False,1.0,2.0,1,0,0
user_0266,2023-10-23,True,0.0,0.0,0,222,1
user_0267,2024-06-01,False,1.0,2.0,0,0,0
user_0268,2023-12-29,False,0.0,2.0,0,155,1
user_0269,2023-05-26,True,1.0,2.0,0,372,1
user_0270,2023-12-27,False,0.0,0.0,0,157,1
user_0271,2024-06-01,False,1.0,3.0,0,0,1
user_0272,2023-10-24,True,1.0,2.0,0,221,0
user_0273,2023-08-11,True,0.0,1.0,0,295,1
user_0274,2023-01-09,False,0.0,0.0,0,509,1
user_0275,2024-06-01,False,0.0,2.0,1,0,0
user_0276,2023-11-20,False,0.0,0.0,0,194,1
user_0277,2024-06-01,False,0.0,0.0,0,0,0
user_0278,2023-01-16,True,0.0,0.0,0,502,1
user_0279,2023-05-15,False,1.0,2.0,0,383,1
user_0280,2024-01-29,True,1.0,1.0,0,124,0
user_0281,2022-04-12,True,1.0,1.0,0,781,0
user_0282,2024-01-22,True,0.0,0.0,0,131,1
user_0283,2022-12-29,True,0.0,2.0,0,520,1
user_0284,2023-04-30,True,0.0,1.0,0,398,0
user_0285,2022-05-13,True,0.0,1.0,0,750,1
user_0286,2023-04-08,False,1.0,2.0,1,420,0
user_0287,2023-04-03,True,0.0,1.0,0,425,1
user_0288,2024-06-01,True,1.0,3.0,0,0,0
user_0289,2024-06-01,True,0.0,3.0,0,0,0
user_0290,2023-05-25,True,0.0,2.0,0,373,1
user_0291,2024-05-17,True,1.0,2.0,0,15,0
user_0292,2023-01-10,True,1.0,1.0,0,508,1
user_0293,2023-12-11,False,2.0,5.0,0,173,1
user_0294,2024-06-01,False,1.0,1.0,0,0,0
user_0295,2023-10-09,False,2.0,4.0,0,236,1
user_0296,2023-06-15,True,0.0,0.0,0,352,1
user_0297,2023-07-18,True,0.0,1.0,0,319,0
user_0298,2024-06-01,False,1.0,1.0,0,0,0
user_0299,2022-11-13,True,0.0,1.0,0,566,1
user_0300,2023-10-03,True,0.0,3.0,1,242,1
user_0301,2024-06-01,True,0.0,0.0,0,0,0
user_0302,2023-08-03,True,0.0,0.0,0,303,0
user_0303,2024-06-01,True,1.0,1.0,0,0,0
user_0304,2023-12-10,True,0.0,0.0,0,174,1
user_0305,2023-10-01,True,0.0,1.0,0,244,1
user_0306,2022-04-16,True,0.0,0.0,1,777,1
user_0307,2024-01-03,False,1.0,2.0,0,150,0
user_0308,2023-04-28,False,1.0,1.0,0,400,0
user_0309,2024-06-01,False,0.0,1.0,0,0,0
user_0310,2023-05-09,False,3.0,3.0,0,389,0
user_0311,2022-10-30,False,1.0,1.0,1,580,1
user_0312,2023-12-23,True,1.0,1.0,2,161,1
user_0313,2024-06-01,True,0.0,0.0,0,0,0
user_0314,2023-11-17,True,0.0,0.0,0,197,0
user_0315,2022-05-14,False,0.0,1.0,0,749,1
user_0316,2024-06-01,False,2.0,2.0,0,0,0
user_0317,2024-03-23,True,1.0,3.0,0,70,0
user_0318,2024-06-01,False,1.0,2.0,0,0,0
user_0319,2022-02-01,True,1.0,2.0,0,851,0
user_0320,2023-04-27,False,1.0,2.0,1,401,1
user_0321,2023-09-03,True,0.0,0.0,0,272,1
user_0322,2022-11-21,True,0.0,0.0,0,558,1
user_0323,2024-05-18,True,0.0,0.0,0,14,1
user_0324,2023-10-28,True,0.0,1.0,0,217,1
user_0325,2024-06-01,True,0.0,1.0,0,0,0
user_0326,2024-01-02,True,0.0,2.0,1,151,0
user_0327,2024-03-24,False,0.0,3.0,0,69,1
user_0328,2024-06-01,True,1.0,4.0,0,0,0
user_0329,2024-06-01,True,0.0,1.0,0,0,0
user_0330,2024-06-01,False,0.0,5.0,0,0,1
user_0331,2023-11-29,False,1.0,1.0,0,185,1
user_0332,2023-07-13,True,1.0,1.0,1,324,1
user_0333,2023-06-19,True,2.0,5.0,0,348,0
user_0334,2022-03-27,True,2.0,2.0,0,797,0
user_0335,2022-10-14,True,0.0,0.0,0,596,1
user_0336,2023-05-09,False,0.0,1.0,1,389,1
user_0337,2024-04-04,True,0.0,0.0,0,58,1
user_0338,2024-06-01,True,1.0,2.0,0,0,0
user_0339,2022-09-28,False,0.0,1.0,0,612,1
user_0340,2024-06-01,True,0.0,0.0,0,0,1
user_0341,2024-06-01,True,1.0,3.0,1,0,0
user_0342,2024-06-01,True,1.0,1.0,1,0,0
user_0343,2023-11-18,False,2.0,3.0,1,196,1
user_0344,2023-04-19,True,0.0,0.0,0,409,1
user_0345,2024-06-01,False,0.0,1.0,1,0,0
user_0346,2023-08-28,True,1.0,1.0,0,278,1
user_0347,2024-06-01,True,0.0,1.0,2,0,0
user_0348,2022-09-23,False,2.0,3.0,0,617,1
user_0349,2024-05-16,False,0.0,0.0,0,16,0
user_0350,2023-12-28,False,0.0,1.0,0,156,1
user_0351,2022-07-09,False,0.0,2.0,0,693,1
user_0352,2023-12-04,False,0.0,1.0,0,180,1
user_0353,2024-06-01,True,0.0,0.0,0,0,0
user_0354,2023-02-18,True,0.0,0.0,0,469,0
user_0355,2023-05-20,False,0.0,0.0,0,378,1
user_0356,2024-06-01,True,1.0,1.0,0,0,0
user_0357,2023-06-15,False,0.0,3.0,0,352,1
user_0358,2024-05-16,False,0.0,0.0,0,16,0
user_0359,2022-07-09,True,0.0,1.0,0,693,1
user_0360,2022-10-27,True,2.0,3.0,0,583,0
user_0361,2023-06-07,False,1.0,1.0,1,360,1
user_0362,2024-05-06,True,1.0,3.0,0,26,0
user_0363,2024-06-01,False,1.0,4.0,0,0,0
user_0364,2024-06-01,True,1.0,2.0,0,0,0
user_0365,2024-04-29,False,1.0,1.0,0,33,0
user_0366,2024-06-01,True,0.0,0.0,0,0,0
user_0367,2023-09-19,False,0.0,0.0,0,256,1
user_0368,2023-10-04,True,0.0,0.0,0,241,0
user_0369,2022-07-25,True,1.0,1.0,0,677,1
user_0370,2023-11-03,True,0.0,2.0,1,211,0
user_0371,2024-06-01,False,0.0,0.0,0,0,0
user_0372,2023-08-19,False,1.0,1.0,0,287,1
user_0373,2024-06-01,True,0.0,0.0,1,0,0
user_0374,2024-03-21,True,0.0,3.0,0,72,1
user_0375,2024-06-01,True,0.0,1.0,0,0,1
user_0376,2023-02-03,False,0.0,0.0,2,484,1
user_0377,2023-06-22,False,0.0,0.0,0,345,1
user_0378,2024-04-23,True,2.0,3.0,0,39,0
user_0379,2023-12-11,True,2.0,3.0,0,173,1
user_0380,2024-06-01,True,0.0,0.0,0,0,1
user_0381,2024-01-29,True,0.0,0.0,0,124,1
user_0382,2023-08-13,True,0.0,1.0,1,293,1
user_0383,2024-06-01,False,1.0,5.0,0,0,0
user_0384,2024-04-05,True,0.0,0.0,0,57,0
user_0385,2024-06-01,False,1.0,1.0,0,0,0
user_0386,2023-11-23,True,0.0,2.0,0,191,1
user_0387,2024-06-01,True,2.0,3.0,0,0,0
user_0388,2024-04-30,False,0.0,0.0,0,32,1
user_0389,2023-08-09,False,0.0,0.0,0,297,1
user_0390,2023-07-30,False,0.0,0.0,0,307,1
user_0391,2024-06-01,True,3.0,3.0,0,0,0
user_0392,2024-04-01,True,0.0,1.0,1,61,1
user_0393,2023-03-29,False,0.0,0.0,0,430,1
user_0394,2024-06-01,True,1.0,1.0,1,0,0
user_0395,2024-06-01,True,0.0,0.0,1,0,0
user_0396,2023-11-01,True,1.0,1.0,1,213,1
user_0397,2023-07-12,True,0.0,1.0,1,325,1
user_0398,2023-12-10,False,0.0,0.0,1,174,1
user_0399,2024-01-16,True,1.0,3.0,0,137,0
user_0400,2022-05-12,True,1.0,3.0,1,751,1
user_0401,2024-06-01,True,0.0,0.0,0,0,1
user_0402,2024-06-01,True,0.0,1.0,0,0,0
user_0403,2023-02-18,True,1.0,2.0,0,469,1
user_0404,2024-04-29,True,0.0,1.0,0,33,0
user_0405,2024-04-24,True,0.0,2.0,0,38,0
user_0406,2024-02-29,False,0.0,1.0,1,93,1
user_0407,2024-06-01,True,1.0,1.0,0,0,0
user_0408,2024-06-01,True,0.0,0.0,2,0,0
user_0409,2024-05-03,False,0.0,1.0,0,29,1
user_0410,2023-09-01,False,1.0,1.0,0,274,1
user_0411,2023-07-22,True,1.0,1.0,0,315,1
user_0412,2023-07-07,True,0.0,1.0,0,330,1
user_0413,2024-03-06,True,1.0,1.0,0,87,1
user_0414,2023-12-11,False,0.0,0.0,0,173,1
user_0415,2023-07-06,False,0.0,1.0,0,331,1
user_0416,2023-06-21,False,0.0,1.0,2,346,1
user_0417,2023-01-03,True,0.0,2.0,0,515,1
user_0418,2024-05-15,False,0.0,0.0,0,17,0
user_0419,2024-06-01,True,1.0,1.0,0,0,0
user_0420,2023-06-14,True,0.0,0.0,0,353,1
user_0421,2024-06-01,True,1.0,3.0,0,0,0
user_0422,2024-06-01,False,0.0,3.0,1,0,1
user_0423,2024-03-23,True,0.0,1.0,1,70,1
user_0424,2023-11-04,False,0.0,0.0,0,210,1
user_0425,2022-10-15,True,1.0,1.0,0,595,1
user_0426,2023-06-01,True,1.0,1.0,1,366,0
user_0427,2023-06-05,True,0.0,1.0,0,362,1
user_0428,2024-06-01,True,0.0,1.0,0,0,0
user_0429,2023-05-16,False,0.0,0.0,0,382,1
user_0430,2022-04-15,True,0.0,3.0,0,778,1
user_0431,2024-06-01,False,0.0,0.0,1,0,0
user_0432,2024-05-21,False,0.0,1.0,0,11,0
user_0433,2023-03-12,False,0.0,0.0,0,447,1
user_0434,2024-06-01,True,1.0,1.0,1,0,0
user_0435,2023-03-31,True,1.0,1.0,1,428,0
user_0436,2023-04-24,True,0.0,0.0,0,404,1
user_0437,2024-02-22,False,0.0,1.0,0,100,1
user_0438,2024-05-07,False,0.0,0.0,0,25,1
user_0439,2024-01-17,True,0.0,2.0,1,136,1
user_0440,2023-10-05,False,0.0,3.0,2,240,1
user_0441,2024-01-07,True,0.0,0.0,0,146,1
user_0442,2024-04-29,False,0.0,1.0,1,33,1
user_0443,2023-05-03,True,1.0,2.0,0,395,1
user_0444,2023-09-27,False,0.0,1.0,0,248,1
user_0445,2024-06-01,True,1.0,1.0,0,0,0
user_0446,2024-06-01,False,1.0,2.0,1,0,0
user_0447,2022-08-09,False,0.0,0.0,0,662,1
user_0448,2024-05-09,False,0.0,2.0,0,23,0
user_0449,2023-04-02,True,0.0,3.0,0,426,1
user_0450,2024-06-01,True,0.0,1.0,0,0,0
user_0451,2023-02-22,True,0.0,1.0,0,465,1
user_0452,2024-06-01,True,1.0,1.0,0,0,0
user_0453,2023-09-28,True,0.0,0.0,0,247,1
user_0454,2023-12-23,False,1.0,3.0,0,161,1
user_0455,2024-06-01,True,0.0,1.0,0,0,1
user_0456,2024-06-01,True,0.0,3.0,1,0,1
user_0457,2022-07-11,True,1.0,1.0,0,691,1
user_0458,2024-06-01,True,1.0,2.0,1,0,0
user_0459,2023-06-15,False,0.0,0.0,0,352,1
user_0460,2024-06-01,True,1.0,2.0,0,0,0
user_0461,2023-09-30,False,1.0,1.0,0,245,1
user_0462,2023-05-12,True,0.0,2.0,0,386,1
user_0463,2023-02-21,False,0.0,0.0,0,466,1
user_0464,2024-06-01,False,0.0,0.0,0,0,0
user_0465,2024-02-29,True,2.0,2.0,0,93,1
user_0466,2024-06-01,False,1.0,1.0,0,0,0
user_0467,2023-12-21,True,0.0,0.0,0,163,1
user_0468,2024-06-01,False,1.0,2.0,0,0,0
user_0469,2022-01-16,True,0.0,0.0,0,867,1
user_0470,2023-09-06,False,1.0,2.0,0,269,1
user_0471,2024-06-01,False,0.0,0.0,1,0,1
user_0472,2024-06-01,False,1.0,2.0,0,0,0
user_0473,2023-12-30,False,2.0,3.0,0,154,0
user_0474,2022-05-25,True,0.0,3.0,0,738,1
user_0475,2023-12-02,True,0.0,1.0,0,182,1
user_0476,2022-06-28,True,0.0,2.0,2,704,1
user_0477,2023-05-01,True,0.0,2.0,1,397,1
user_0478,2022-08-22,False,0.0,0.0,0,649,1
user_0479,2024-06-01,True,1.0,2.0,0,0,0
user_0480,2022-09-29,False,0.0,1.0,1,611,1
user_0481,2024-06-01,False,0.0,1.0,0,0,0
user_0482,2022-08-03,False,0.0,0.0,0,668,1
user_0483,2023-06-25,True,0.0,0.0,0,342,1
user_0484,2023-01-12,False,1.0,3.0,0,506,1
user_0485,2024-06-01,False,0.0,1.0,0,0,0
user_0486,2023-09-08,True,0.0,1.0,0,267,1
user_0487,2024-06-01,False,0.0,0.0,0,0,0
user_0488,2023-10-09,False,0.0,0.0,0,236,1
user_0489,2024-06-01,True,0.0,1.0,0,0,0
user_0490,2023-03-25,True,1.0,1.0,0,434,1
user_0491,2024-06-01,True,0.0,0.0,0,0,0
user_0492,2023-06-14,True,0.0,1.0,1,353,1
user_0493,2024-06-01,True,0.0,1.0,0,0,1
user_0494,2024-03-10,True,0.0,2.0,0,83,1
user_0495,2024-06-01,True,0.0,0.0,0,0,0
user_0496,2024-01-21,True,1.0,1.0,0,132,1
user_0497,2023-02-20,False,0.0,1.0,0,467,1
user_0498,2024-06-01,True,0.0,2.0,0,0,1
user_0499,2023-07-15,False,0.0,1.0,0,322,1
user_0500,2024-06-01,True,1.0,2.0,0,0,0
user_0501,2023-12-02,True,1.0,1.0,0,182,1
user_0502,2024-06-01,True,0.0,1.0,0,0,0
user_0503,2022-11-19,True,0.0,1.0,0,560,1
user_0504,2022-07-04,True,0.0,0.0,0,698,1
user_0505,2024-01-04,False,0.0,0.0,0,149,1
user_0506,2023-07-15,True,0.0,0.0,0,322,1
user_0507,2023-02-12,False,0.0,0.0,0,475,1
user_0508,2024-01-05,False,0.0,0.0,0,148,1
user_0509,2022-07-08,True,0.0,0.0,0,694,1
user_0510,2024-05-15,True,0.0,3.0,0,17,0
user_0511,2023-10-24,False,1.0,3.0,1,221,1
user_0512,2023-05-18,True,0.0,0.0,0,380,1
user_0513,2024-06-01,True,0.0,0.0,0,0,0
user_0514,2024-05-24,False,1.0,4.0,0,8,0
user_0515,2023-04-08,True,1.0,3.0,0,420,0
user_0516,2024-02-10,False,2.0,4.0,0,112,0
user_0517,2024-06-01,False,1.0,2.0,0,0,0
user_0518,2022-09-13,True,0.0,0.0,0,627,1
user_0519,2024-06-01,True,2.0,7.0,0,0,0
user_0520,2024-03-12,True,0.0,0.0,0,81,1
user_0521,2024-06-01,True,0.0,1.0,0,0,1
user_0522,2023-04-05,True,0.0,0.0,0,423,1
user_0523,2023-05-02,False,0.0,0.0,0,396,1
user_0524,2023-09-14,True,0.0,1.0,0,261,1
user_0525,2024-05-16,True,0.0,0.0,0,16,0
user_0526,2023-09-15,False,2.0,3.0,0,260,1
user_0527,2023-05-20,False,0.0,1.0,1,378,1
user_0528,2023-02-16,False,1.0,3.0,0,471,1
user_0529,2023-05-11,True,1.0,2.0,0,387,0
user_0530,2023-02-06,False,0.0,0.0,0,481,1
user_0531,2024-06-01,True,0.0,0.0,0,0,0
user_0532,2024-06-01,True,0.0,1.0,0,0,1
user_0533,2023-04-28,True,0.0,0.0,0,400,0
user_0534,2024-06-01,False,0.0,0.0,0,0,1
user_0535,2024-06-01,True,0.0,0.0,0,0,1
user_0536,2024-06-01,True,0.0,0.0,0,0,0
user_0537,2024-04-27,True,0.0,1.0,0,35,1
user_0538,2024-06-01,True,0.0,1.0,0,0,0
user_0539,2024-05-21,False,0.0,2.0,0,11,0
user_0540,2023-08-15,False,0.0,0.0,1,291,1
user_0541,2024-06-01,False,1.0,1.0,0,0,0
user_0542,2023-09-03,True,1.0,2.0,0,272,1
user_0543,2024-06-01,True,1.0,2.0,0,0,0
user_0544,2024-06-01,True,0.0,1.0,0,0,1
user_0545,2024-06-01,True,0.0,0.0,0,0,0
user_0546,2023-08-17,True,0.0,1.0,0,289,1
user_0547,2023-11-11,False,0.0,0.0,0,203,1
user_0548,2024-06-01,True,0.0,1.0,0,0,0
user_0549,2023-07-14,True,0.0,1.0,0,323,1
user_0550,2024-06-01,True,1.0,1.0,0,0,0
user_0551,2023-12-31,True,1.0,1.0,0,153,1
user_0552,2024-06-01,True,0.0,1.0,0,0,0
user_0553,2023-04-08,False,0.0,2.0,0,420,1
user_0554,2024-03-14,False,0.0,0.0,0,79,1
user_0555,2023-01-19,False,0.0,1.0,1,499,1
user_0556,2023-10-18,True,0.0,0.0,0,227,1
user_0557,2024-06-01,True,0.0,0.0,0,0,1
user_0558,2023-06-10,True,1.0,1.0,0,357,1
user_0559,2024-06-01,True,0.0,0.0,0,0,0
user_0560,2024-06-01,False,0.0,0.0,0,0,0
user_0561,2024-06-01,True,1.0,3.0,0,0,0
user_0562,2023-09-25,True,0.0,1.0,0,250,1
user_0563,2023-03-10,True,1.0,2.0,0,449,1
user_0564,2024-02-25,True,0.0,1.0,1,97,0
user_0565,2024-06-01,False,1.0,2.0,0,0,0
user_0566,2024-06-01,True,0.0,0.0,0,0,0
user_0567,2024-06-01,True,0.0,2.0,1,0,0
user_0568,2024-03-01,True,0.0,0.0,0,92,1
user_0569,2023-03-18,True,1.0,2.0,2,441,1
user_0570,2023-07-24,False,0.0,1.0,0,313,1
user_0571,2023-10-02,False,0.0,0.0,0,243,1
user_0572,2023-08-18,False,1.0,2.0,0,288,1
user_0573,2024-06-01,False,0.0,0.0,1,0,0
user_0574,2023-09-22,True,0.0,0.0,0,253,1
user_0575,2024-05-12,False,0.0,0.0,0,20,0
user_0576,2023-06-24,True,0.0,1.0,0,343,1
user_0577,2023-08-08,True,0.0,0.0,0,298,1
user_0578,2022-07-09,False,0.0,0.0,0,693,1
user_0579,2024-06-01,True,0.0,0.0,0,0,0
user_0580,2023-07-16,False,2.0,2.0,0,321,0
user_0581,2024-06-01,True,0.0,0.0,0,0,1
user_0582,2024-06-01,False,0.0,2.0,0,0,1
user_0583,2024-06-01,False,2.0,3.0,0,0,0
user_0584,2023-03-01,False,0.0,2.0,0,458,1
user_0585,2024-06-01,False,1.0,1.0,0,0,1
user_0586,2023-08-26,False,1.0,3.0,0,280,1
user_0587,2024-04-30,True,0.0,1.0,0,32,1
user_0588,2024-03-11,True,0.0,0.0,0,82,0
user_0589,2022-09-02,True,0.0,1.0,0,638,1
user_0590,2024-01-23,False,0.0,2.0,0,130,1
user_0591,2023-12-30,True,0.0,0.0,0,154,1
user_0592,2023-06-10,False,1.0,2.0,0,357,1
user_0593,2024-06-01,True,0.0,1.0,1,0,0
user_0594,2023-06-20,True,1.0,1.0,0,347,1
user_0595,2023-10-20,False,0.0,1.0,0,225,1
user_0596,2023-10-10,True,1.0,1.0,0,235,0
user_0597,2022-09-06,True,1.0,4.0,0,634,0
user_0598,2024-06-01,True,1.0,4.0,0,0,0
user_0599,2024-05-23,False,1.0,2.0,0,9,0
user_0600,2024-05-31,False,1.0,1.0,0,1,1
user_0601,2023-08-03,True,2.0,4.0,0,303,0
user_0602,2022-05-05,True,1.0,1.0,1,758,0
user_0603,2024-06-01,True,1.0,2.0,1,0,0
user_0604,2023-10-14,False,0.0,0.0,0,231,1
user_0605,2024-06-01,False,1.0,2.0,1,0,0
user_0606,2023-10-19,True,0.0,2.0,0,226,1
user_0607,2024-06-01,True,0.0,2.0,0,0,0
user_0608,2023-11-15,True,1.0,2.0,0,199,0
user_0609,2023-03-16,False,0.0,1.0,1,443,1
user_0610,2023-02-01,False,0.0,0.0,0,486,1
user_0611,2024-01-05,True,0.0,0.0,0,148,1
user_0612,2024-06-01,True,0.0,2.0,0,0,0
user_0613,2023-12-26,True,0.0,1.0,0,158,1
user_0614,2022-12-17,False,0.0,1.0,0,532,1
user_0615,2023-11-10,True,0.0,0.0,0,204,1
user_0616,2024-06-01,False,0.0,1.0,0,0,0
user_0617,2024-05-26,False,0.0,0.0,0,6,0
user_0618,2024-06-01,True,0.0,0.0,1,0,0
user_0619,2022-06-29,True,0.0,0.0,0,703,0
user_0620,2023-12-29,True,0.0,1.0,0,155,1
user_0621,2023-02-09,False,0.0,2.0,0,478,1
user_0622,2022-04-13,False,0.0,0.0,0,780,1
user_0623,2023-09-04,False,2.0,4.0,0,271,1
user_0624,2024-03-29,True,1.0,1.0,0,64,0
user_0625,2024-05-26,True,0.0,2.0,0,6,1
user_0626,2023-07-26,False,1.0,2.0,0,311,1
user_0627,2024-06-01,False,0.0,0.0,1,0,0
user_0628,2022-06-13,True,1.0,1.0,0,719,1
user_0629,2023-01-21,False,2.0,3.0,1,497,1
user_0630,2022-09-22,False,0.0,1.0,0,618,1
user_0631,2023-07-28,True,0.0,0.0,1,309,1
user_0632,2023-06-03,False,1.0,1.0,0,364,1
user_0633,2023-08-29,False,0.0,0.0,0,277,1
user_0634,2024-04-15,False,0.0,1.0,0,47,1
user_0635,2023-06-30,True,0.0,0.0,0,337,0
user_0636,2023-12-04,True,1.0,3.0,0,180,1
user_0637,2022-11-13,False,2.0,5.0,1,566,0
user_0638,2023-11-27,True,0.0,1.0,0,187,1
user_0639,2022-11-27,True,0.0,1.0,0,552,1
user_0640,2024-04-28,True,0.0,2.0,0,34,1
user_0641,2022-11-07,True,1.0,3.0,0,572,0
user_0642,2024-06-01,False,0.0,1.0,0,0,1
user_0643,2024-03-09,False,1.0,1.0,0,84,1
user_0644,2023-03-26,True,0.0,1.0,0,433,1
user_0645,2024-03-26,True,1.0,1.0,1,67,0
user_0646,2024-02-06,True,0.0,1.0,1,116,1
user_0647,2024-06-01,False,0.0,1.0,1,0,0
user_0648,2024-05-21,False,0.0,1.0,0,11,0
user_0649,2024-06-01,True,1.0,1.0,0,0,0
user_0650,2023-06-18,False,0.0,2.0,0,349,1
user_0651,2024-02-10,False,0.0,1.0,0,112,1
user_0652,2022-10-16,False,0.0,2.0,0,594,1
user_0653,2023-11-11,False,0.0,2.0,0,203,1
user_0654,2024-05-21,True,2.0,3.0,0,11,0
user_0655,2024-06-01,False,0.0,3.0,0,0,0
user_0656,2024-05-08,True,1.0,1.0,0,24,0
user_0657,2023-08-23,False,0.0,2.0,0,283,1
user_0658,2024-06-01,False,0.0,1.0,0,0,0
user_0659,2024-04-07,False,1.0,1.0,0,55,0
user_0660,2022-12-04,False,1.0,1.0,1,545,1
user_0661,2023-11-22,True,1.0,3.0,0,192,0
user_0662,2024-06-01,True,0.0,2.0,0,0,0
user_0663,2024-01-24,False,0.0,0.0,1,129,1
user_0664,2022-08-07,False,1.0,3.0,0,664,1
user_0665,2022-12-07,True,0.0,1.0,0,542,1
user_0666,2024-01-25,True,0.0,2.0,0,128,1
user_0667,2023-12-01,True,0.0,0.0,0,183,1
user_0668,2024-06-01,False,2.0,3.0,1,0,0
user_0669,2024-06-01,False,3.0,5.0,0,0,0
user_0670,2023-11-28,True,0.0,1.0,0,186,0
user_0671,2023-06-20,True,0.0,1.0,1,347,1
user_0672,2024-06-01,False,0.0,3.0,0,0,0
user_0673,2024-06-01,False,0.0,2.0,0,0,1
user_0674,2022-11-13,True,0.0,3.0,0,566,1
user_0675,2024-06-01,True,0.0,0.0,0,0,0
user_0676,2023-08-20,True,0.0,2.0,0,286,1
user_0677,2024-06-01,True,0.0,2.0,2,0,0
user_0678,2023-09-07,True,0.0,1.0,0,268,1
user_0679,2023-09-02,False,0.0,2.0,2,273,1
user_0680,2022-10-14,False,0.0,0.0,1,596,1
user_0681,2023-01-01,False,0.0,1.0,0,517,1
user_0682,2024-06-01,False,0.0,1.0,0,0,0
user_0683,2022-05-29,True,1.0,1.0,0,734,1
user_0684,2022-10-14,True,0.0,0.0,0,596,0
user_0685,2022-05-13,True,0.0,0.0,0,750,1
user_0686,2023-10-21,True,1.0,1.0,0,224,1
user_0687,2023-12-22,False,1.0,2.0,0,162,0
user_0688,2024-03-22,False,0.0,0.0,0,71,1
user_0689,2022-08-15,True,0.0,0.0,0,656,1
user_0690,2024-06-01,True,1.0,1.0,0,0,0
user_0691,2023-03-14,False,1.0,2.0,1,445,0
user_0692,2024-06-01,True,0.0,2.0,0,0,0
user_0693,2023-01-25,True,0.0,2.0,0,493,1
user_0694,2023-03-02,False,2.0,2.0,0,457,0
user_0695,2023-07-31,False,1.0,1.0,0,306,1
user_0696,2023-12-04,True,0.0,0.0,0,180,1
user_0697,2024-06-01,True,0.0,0.0,0,0,0
user_0698,2023-05-09,False,0.0,2.0,0,389,1
user_0699,2022-10-10,True,0.0,2.0,0,600,1
user_0700,2024-01-28,True,0.0,0.0,0,125,1
user_0701,2024-06-01,False,0.0,1.0,1,0,0
user_0702,2023-09-25,True,0.0,0.0,0,250,1
user_0703,2022-12-01,False,0.0,0.0,0,548,1
user_0704,2024-04-07,True,0.0,0.0,0,55,0
user_0705,2024-06-01,False,0.0,1.0,0,0,1
user_0706,2023-09-02,True,1.0,3.0,0,273,1
user_0707,2023-05-29,True,0.0,0.0,1,369,1
user_0708,2024-02-13,True,1.0,2.0,0,109,1
user_0709,2023-04-12,True,1.0,4.0,0,416,1
user_0710,2023-08-25,False,0.0,1.0,1,281,1
user_0711,2023-08-15,False,0.0,1.0,0,291,1
user_0712,2023-05-21,True,1.0,2.0,0,377,0
user_0713,2023-05-08,True,0.0,0.0,0,390,1
user_0714,2024-03-17,False,0.0,2.0,0,76,1
user_0715,2024-06-01,False,0.0,0.0,1,0,1
user_0716,2022-06-07,True,1.0,2.0,0,725,0
user_0717,2024-03-05,True,0.0,0.0,0,88,1
user_0718,2024-06-01,True,0.0,0.0,0,0,0
user_0719,2024-06-01,False,1.0,1.0,0,0,0
user_0720,2024-05-15,True,0.0,0.0,0,17,1
user_0721,2023-03-25,False,1.0,4.0,0,434,0
user_0722,2024-06-01,True,0.0,1.0,0,0,0
user_0723,2023-08-09,False,1.0,3.0,0,297,1
user_0724,2022-09-24,True,0.0,1.0,0,616,0
user_0725,2024-02-14,True,0.0,0.0,0,108,1
user_0726,2023-03-19,True,0.0,0.0,0,440,0
user_0727,2024-06-01,False,0.0,0.0,0,0,1
user_0728,2024-06-01,True,1.0,2.0,0,0,0
user_0729,2024-04-13,True,0.0,0.0,1,49,0
user_0730,2024-06-01,True,0.0,2.0,0,0,0
user_0731,2023-11-02,True,0.0,0.0,0,212,1
user_0732,2024-06-01,False,0.0,1.0,0,0,0
user_0733,2023-07-05,False,1.0,4.0,0,332,0
user_0734,2022-09-18,False,1.0,3.0,0,622,1
user_0735,2024-06-01,True,0.0,0.0,0,0,1
user_0736,2024-01-06,False,1.0,1.0,0,147,1
user_0737,2023-03-08,True,2.0,3.0,0,451,0
user_0738,2022-05-19,True,0.0,0.0,0,744,1
user_0739,2022-11-26,True,1.0,1.0,0,553,1
user_0740,2024-06-01,True,0.0,1.0,0,0,0
user_0741,2024-06-01,False,0.0,1.0,0,0,0
user_0742,2023-03-11,False,0.0,0.0,0,448,1
user_0743,2023-12-18,False,0.0,1.0,0,166,1
user_0744,2023-06-27,True,0.0,2.0,0,340,1
user_0745,2024-06-01,True,0.0,0.0,0,0,0
user_0746,2023-11-11,True,0.0,2.0,0,203,1
user_0747,2024-06-01,True,1.0,1.0,0,0,0
user_0748,2024-06-01,True,0.0,0.0,0,0,1
user_0749,2023-12-04,True,0.0,0.0,0,180,1
user_0750,2024-06-01,True,0.0,0.0,0,0,0
user_0751,2023-06-13,True,0.0,0.0,1,354,1
user_0752,2024-06-01,False,0.0,1.0,0,0,0
user_0753,2024-06-01,False,1.0,3.0,0,0,1
user_0754,2023-07-04,False,1.0,2.0,0,333,1
user_0755,2023-06-19,False,1.0,1.0,0,348,0
user_0756,2023-01-12,True,0.0,2.0,1,506,1
user_0757,2024-06-01,False,0.0,3.0,0,0,0
user_0758,2023-06-05,False,0.0,1.0,0,362,1
user_0759,2024-02-14,True,0.0,1.0,0,108,1
user_0760,2022-03-25,True,1.0,2.0,0,799,1
user_0761,2023-02-12,False,1.0,2.0,0,475,1
user_0762,2024-02-05,True,0.0,1.0,0,117,0
user_0763,2023-02-23,True,0.0,0.0,1,464,1
user_0764,2024-01-16,True,0.0,1.0,0,137,1
user_0765,2024-06-01,True,0.0,0.0,0,0,1
user_0766,2023-12-19,True,0.0,2.0,0,165,1
user_0767,2023-04-26,True,0.0,0.0,0,402,0
user_0768,2024-06-01,True,0.0,0.0,0,0,0
user_0769,2022-10-28,True,1.0,1.0,0,582,1
user_0770,2023-12-31,False,0.0,2.0,0,153,1
user_0771,2024-04-24,True,1.0,1.0,0,38,0
user_0772,2024-06-01,True,0.0,1.0,0,0,1
user_0773,2024-04-28,True,0.0,0.0,0,34,0
user_0774,2023-12-07,False,0.0,0.0,1,177,1
user_0775,2023-10-14,True,3.0,3.0,0,231,0
user_0776,2024-06-01,True,0.0,0.0,1,0,0
user_0777,2023-12-11,False,0.0,0.0,1,173,1
user_0778,2024-06-01,False,0.0,0.0,0,0,1
user_0779,2023-04-30,True,0.0,1.0,0,398,1
user_0780,2023-10-06,False,0.0,1.0,0,239,1
user_0781,2023-06-08,True,0.0,0.0,0,359,1
user_0782,2024-06-01,True,2.0,5.0,0,0,0
user_0783,2024-06-01,True,0.0,2.0,0,0,0
user_0784,2022-05-31,True,0.0,0.0,0,732,0
user_0785,2023-08-01,False,0.0,0.0,2,305,1
user_0786,2023-08-19,True,0.0,1.0,0,287,1
user_0787,2024-06-01,True,1.0,3.0,0,0,0
user_0788,2023-05-01,False,0.0,1.0,0,397,1
user_0789,2024-05-20,False,0.0,0.0,1,12,0
user_0790,2024-06-01,True,0.0,0.0,0,0,1
user_0791,2023-12-31,False,0.0,1.0,0,153,1
user_0792,2023-03-05,True,0.0,1.0,0,454,1
user_0793,2024-06-01,False,0.0,2.0,0,0,0
user_0794,2023-09-06,False,1.0,3.0,1,269,0
user_0795,2024-05-28,False,1.0,1.0,0,4,0
user_0796,2024-03-25,True,0.0,0.0,0,68,1
user_0797,2024-01-08,True,1.0,1.0,1,145,1
user_0798,2024-02-19,True,0.0,1.0,0,103,1
user_0799,2024-06-01,True,0.0,0.0,0,0,0
user_0800,2023-03-02,True,0.0,0.0,0,457,1
user_0801,2022-04-06,False,1.0,2.0,0,787,1
user_0802,2024-06-01,True,0.0,2.0,1,0,0
user_0803,2023-03-15,True,0.0,0.0,0,444,1
user_0804,2024-04-20,False,0.0,1.0,0,42,1
user_0805,2024-01-13,True,0.0,0.0,0,140,0
user_0806,2024-06-01,False,0.0,0.0,0,0,0
user_0807,2023-08-04,True,0.0,0.0,0,302,1
user_0808,2024-02-16,True,0.0,3.0,0,106,1
user_0809,2024-05-19,True,0.0,0.0,0,13,0
user_0810,2023-11-11,True,1.0,2.0,0,203,1
user_0811,2024-05-07,False,2.0,2.0,0,25,0
user_0812,2023-02-09,True,1.0,3.0,0,478,1
user_0813,2024-03-02,True,0.0,0.0,0,91,1
user_0814,2024-06-01,True,1.0,1.0,0,0,0
user_0815,2024-06-01,True,0.0,3.0,0,0,1
user_0816,2024-06-01,False,1.0,3.0,0,0,0
user_0817,2024-05-19,True,0.0,0.0,0,13,0
user_0818,2023-07-05,False,1.0,2.0,0,332,0
user_0819,2023-06-21,False,0.0,1.0,1,346,1
user_0820,2024-06-01,True,0.0,0.0,0,0,0
user_0821,2023-10-14,False,0.0,0.0,0,231,1
user_0822,2024-06-01,True,2.0,3.0,0,0,0
user_0823,2023-11-29,True,0.0,0.0,0,185,1
user_0824,2024-03-18,True,0.0,0.0,0,75,1
user_0825,2024-05-02,False,0.0,0.0,0,30,1
user_0826,2024-01-08,False,0.0,1.0,0,145,1
user_0827,2023-04-02,True,0.0,3.0,0,426,1
user_0828,2024-02-14,False,0.0,0.0,0,108,1
user_0829,2022-07-14,True,1.0,1.0,0,688,1
user_0830,2023-10-12,True,1.0,3.0,0,233,1
user_0831,2023-02-14,True,0.0,0.0,0,473,1
user_0832,2022-12-04,False,0.0,0.0,0,545,1
user_0833,2023-05-08,False,0.0,2.0,0,390,1
user_0834,2024-06-01,True,0.0,2.0,0,0,0
user_0835,2024-06-01,True,1.0,1.0,0,0,0
user_0836,2023-01-09,True,0.0,1.0,1,509,0
user_0837,2023-07-02,True,1.0,2.0,0,335,1
user_0838,2023-05-07,True,0.0,1.0,0,391,1
user_0839,2024-06-01,False,0.0,0.0,0,0,0
user_0840,2024-01-31,True,0.0,0.0,0,122,0
user_0841,2024-06-01,True,0.0,0.0,0,0,0
user_0842,2024-06-01,True,1.0,2.0,1,0,0
user_0843,2023-05-29,False,0.0,0.0,1,369,1
user_0844,2023-03-03,False,0.0,1.0,0,456,1
user_0845,2024-06-01,True,3.0,5.0,0,0,0
user_0846,2024-06-01,False,1.0,3.0,1,0,0
user_0847,2024-06-01,True,0.0,0.0,0,0,0
user_0848,2023-04-14,True,0.0,2.0,0,414,1
user_0849,2022-09-01,True,0.0,2.0,0,639,1
user_0850,2024-06-01,True,0.0,2.0,1,0,0
user_0851,2024-06-01,True,0.0,0.0,0,0,0
user_0852,2024-04-23,False,0.0,0.0,0,39,0
user_0853,2024-06-01,False,0.0,1.0,2,0,1
user_0854,2023-03-26,False,0.0,2.0,0,433,1
user_0855,2024-06-01,True,1.0,2.0,1,0,0
user_0856,2024-01-10,True,0.0,0.0,0,143,1
user_0857,2024-06-01,False,0.0,0.0,1,0,0
user_0858,2022-12-24,True,2.0,3.0,0,525,0
user_0859,2024-05-25,True,1.0,2.0,0,7,0
user_0860,2024-06-01,True,1.0,2.0,3,0,0
user_0861,2024-06-01,False,0.0,4.0,1,0,0
user_0862,2024-03-13,True,0.0,0.0,0,80,1
user_0863,2023-09-01,True,0.0,1.0,1,274,1
user_0864,2024-06-01,False,1.0,2.0,0,0,0
user_0865,2024-01-20,True,0.0,1.0,0,133,1
user_0866,2024-06-01,True,0.0,0.0,0,0,1
user_0867,2024-06-01,True,2.0,2.0,0,0,0
user_0868,2024-06-01,True,0.0,0.0,0,0,0
user_0869,2023-07-12,False,1.0,1.0,0,325,0
user_0870,2024-01-30,True,0.0,2.0,0,123,1
user_0871,2024-06-01,True,1.0,1.0,0,0,0
user_0872,2023-10-08,False,0.0,1.0,0,237,1
user_0873,2022-10-22,False,1.0,4.0,0,588,1
user_0874,2023-06-13,False,1.0,1.0,0,354,0
user_0875,2024-04-04,True,0.0,1.0,0,58,1
user_0876,2024-01-17,True,0.0,0.0,0,136,1
user_0877,2022-08-17,False,1.0,2.0,1,654,1
user_0878,2023-10-27,False,1.0,2.0,0,218,0
user_0879,2024-04-23,True,0.0,0.0,0,39,1
user_0880,2023-10-26,True,1.0,4.0,1,219,0
user_0881,2023-05-18,True,0.0,0.0,1,380,1
user_0882,2024-03-27,False,0.0,1.0,1,66,1
user_0883,2024-02-20,True,0.0,1.0,1,102,1
user_0884,2023-11-16,True,0.0,0.0,0,198,1
user_0885,2024-04-12,True,1.0,2.0,0,50,0
user_0886,2022-05-12,False,2.0,2.0,0,751,1
user_0887,2023-10-21,False,1.0,2.0,0,224,1
user_0888,2023-04-27,True,1.0,4.0,2,401,1
user_0889,2023-07-29,False,0.0,2.0,0,308,1
user_0890,2024-06-01,False,2.0,3.0,0,0,1
user_0891,2023-10-18,True,0.0,0.0,0,227,1
user_0892,2023-05-13,True,0.0,0.0,0,385,1
user_0893,2023-03-24,True,0.0,0.0,0,435,1
user_0894,2022-11-02,False,0.0,2.0,0,577,1
user_0895,2022-12-12,True,0.0,0.0,0,537,0
user_0896,2023-01-19,False,1.0,2.0,0,499,1
user_0897,2023-04-14,False,0.0,0.0,0,414,1
user_0898,2024-06-01,True,1.0,2.0,0,0,0
user_0899,2024-06-01,False,1.0,5.0,0,0,0
user_0900,2023-12-29,True,2.0,2.0,1,155,0
user_0901,2023-09-02,True,1.0,1.0,0,273,0
user_0902,2023-02-22,False,1.0,1.0,0,465,1
user_0903,2024-02-16,False,0.0,0.0,0,106,1
user_0904,2023-03-18,True,0.0,1.0,1,441,1
user_0905,2024-03-21,False,0.0,0.0,0,72,1
user_0906,2022-11-07,False,0.0,1.0,0,572,1
user_0907,2022-12-17,True,0.0,2.0,2,532,1
user_0908,2022-11-18,False,0.0,1.0,0,561,1
user_0909,2024-03-18,True,0.0,2.0,0,75,1
user_0910,2023-05-10,True,1.0,4.0,1,388,1
user_0911,2022-10-19,True,1.0,3.0,1,591,0
user_0912,2023-08-20,False,0.0,0.0,0,286,1
user_0913,2024-06-01,False,1.0,2.0,0,0,0
user_0914,2022-06-01,True,1.0,1.0,0,731,0
user_0915,2024-04-21,True,0.0,3.0,0,41,1
user_0916,2024-06-01,False,0.0,0.0,0,0,0
user_0917,2023-11-29,True,0.0,0.0,0,185,1
user_0918,2024-06-01,False,0.0,0.0,0,0,0
user_0919,2024-04-29,False,1.0,1.0,0,33,0
user_0920,2023-12-05,True,0.0,1.0,0,179,1
user_0921,2024-06-01,False,2.0,2.0,2,0,0
user_0922,2022-09-08,True,0.0,2.0,1,632,1
user_0923,2024-01-03,False,0.0,0.0,0,150,1
user_0924,2024-06-01,False,0.0,0.0,0,0,1
user_0925,2022-12-12,False,1.0,2.0,0,537,1
user_0926,2024-05-21,True,0.0,0.0,0,11,0
user_0927,2022-10-18,False,0.0,0.0,0,592,1
user_0928,2024-06-01,True,0.0,3.0,0,0,1
user_0929,2024-06-01,True,1.0,2.0,0,0,0
user_0930,2024-06-01,True,0.0,2.0,0,0,1
user_0931,2022-12-01,True,0.0,0.0,0,548,0
user_0932,2023-03-11,True,0.0,0.0,0,448,1
user_0933,2022-10-01,False,2.0,2.0,0,609,1
user_0934,2024-06-01,False,0.0,0.0,1,0,1
user_0935,2023-09-09,True,0.0,0.0,0,266,1
user_0936,2024-06-01,False,0.0,1.0,2,0,1
user_0937,2023-10-29,True,0.0,0.0,0,216,1
user_0938,2024-03-31,False,2.0,3.0,0,62,1
user_0939,2024-06-01,False,0.0,0.0,0,0,0
user_0940,2024-02-08,True,0.0,2.0,0,114,0
user_0941,2024-06-01,False,1.0,4.0,0,0,0
user_0942,2023-11-23,True,0.0,0.0,0,191,1
user_0943,2022-10-29,True,0.0,0.0,0,581,1
user_0944,2024-04-04,False,0.0,0.0,0,58,0
user_0945,2024-01-04,True,0.0,0.0,0,149,1
user_0946,2024-03-24,True,1.0,1.0,0,69,0
user_0947,2024-06-01,True,1.0,1.0,0,0,0
user_0948,2024-04-28,False,0.0,1.0,0,34,0
user_0949,2024-06-01,True,0.0,2.0,0,0,0
user_0950,2024-06-01,True,1.0,2.0,1,0,0
user_0951,2024-06-01,False,1.0,1.0,0,0,0
user_0952,2023-12-17,False,0.0,1.0,0,167,1
user_0953,2023-05-19,True,0.0,0.0,1,379,1
user_0954,2024-01-16,True,0.0,2.0,0,137,1
user_0955,2023-09-20,True,1.0,2.0,0,255,0
user_0956,2024-01-23,True,0.0,1.0,0,130,1
user_0957,2024-01-07,True,0.0,1.0,1,146,1
user_0958,2023-06-17,False,0.0,0.0,0,350,1
user_0959,2024-01-08,False,0.0,3.0,1,145,1
user_0960,2023-03-23,False,0.0,1.0,0,436,1
user_0961,2024-01-30,True,0.0,0.0,1,123,1
user_0962,2024-06-01,False,0.0,1.0,0,0,0
user_0963,2023-02-14,True,0.0,2.0,0,473,1
user_0964,2024-06-01,False,0.0,1.0,0,0,0
user_0965,2023-01-14,False,0.0,0.0,0,504,1
user_0966,2024-01-14,True,0.0,1.0,1,139,1
user_0967,2024-06-01,False,0.0,0.0,0,0,1
user_0968,2024-06-01,True,0.0,1.0,1,0,0
user_0969,2023-10-23,False,1.0,1.0,0,222,1
user_0970,2023-04-03,True,1.0,1.0,0,425,1
user_0971,2024-06-01,True,0.0,0.0,0,0,0
user_0972,2022-07-12,False,0.0,0.0,0,690,1
user_0973,2024-03-27,True,0.0,0.0,1,66,1
user_0974,2023-06-21,False,1.0,2.0,0,346,1
user_0975,2023-04-17,True,0.0,2.0,0,411,1
user_0976,2024-06-01,False,3.0,4.0,0,0,0
user_0977,2023-10-10,False,0.0,0.0,1,235,1
user_0978,2023-08-11,True,0.0,2.0,0,295,1
user_0979,2024-06-01,True,1.0,1.0,0,0,0
user_0980,2022-09-26,True,0.0,0.0,0,614,1
user_0981,2022-08-15,True,1.0,1.0,0,656,1
user_0982,2023-08-18,True,0.0,1.0,0,288,1
user_0983,2023-10-17,False,1.0,3.0,0,228,1
user_0984,2022-06-19,False,1.0,2.0,0,713,1
user_0985,2024-02-20,False,0.0,2.0,1,102,1
user_0986,2023-01-26,False,0.0,0.0,0,492,1
user_0987,2024-06-01,False,0.0,0.0,1,0,1
user_0988,2024-06-01,False,0.0,1.0,1,0,1
user_0989,2023-11-13,True,0.0,0.0,0,201,1
user_0990,2024-06-01,False,0.0,0.0,0,0,1
user_0991,2023-10-21,False,0.0,0.0,0,224,1
user_0992,2024-06-01,True,1.0,3.0,0,0,0
user_0993,2024-05-08,True,1.0,2.0,0,24,0
user_0994,2022-09-16,True,0.0,3.0,0,624,1
user_0995,2023-07-19,True,0.0,1.0,0,318,0
user_0996,2024-02-13,False,0.0,0.0,0,109,1
user_0997,2024-06-01,True,0.0,0.0,3,0,0
user_0998,2023-07-19,True,0.0,1.0,0,318,1
user_0999,2024-06-01,False,2.0,2.0,0,0,0
